[
 {
  "bulk_actions": 1,
  "chat": 1,
  "dashboard": 1,
  "desk_access": 1,
  "disabled": 0,
  "docstatus": 0,
  "doctype": "Role",
  "form_sidebar": 1,
  "home_page": null,
  "is_custom": 0,
  "list_sidebar": 1,
  "modified": "2021-08-21 13:11:40.043575",
  "name": "Wiki Approver",
  "notifications": 1,
  "parent": null,
  "parentfield": null,
  "parenttype": null,
  "restrict_to_domain": null,
  "role_name": "Wiki Approver",
  "search_bar": 1,
  "timeline": 1,
  "two_factor_auth": 0,
  "view_switcher": 1
 }
]