{
 "actions": [],
 "allow_rename": 1,
 "autoname": "hash",
 "creation": "2022-02-07 19:42:12.146504",
 "doctype": "DocType",
 "editable_grid": 1,
 "engine": "InnoDB",
 "field_order": [
  "wiki_page"
 ],
 "fields": [
  {
   "fieldname": "wiki_page",
   "fieldtype": "Link",
   "label": "Wiki Page",
   "options": "Wiki Page"
  }
 ],
 "index_web_pages_for_search": 1,
 "istable": 1,
 "links": [],
 "modified": "2022-02-07 19:42:12.146504",
 "modified_by": "Administrator",
 "module": "Wiki",
 "name": "Wiki Page Revision Item",
 "naming_rule": "Random",
 "owner": "Administrator",
 "permissions": [],
 "sort_field": "modified",
 "sort_order": "DESC",
 "states": []
}