{
    "db_host": "127.0.0.1",
    "db_port": 3306,
    "db_name": "test_wiki",
    "db_password": "test_wiki",
    "allow_tests": true,
    "enable_ui_tests": true,
    "db_type": "mariadb",
    "auto_email_id": "test@example.com",
    "mail_server": "smtp.example.com",
    "mail_login": "test@example.com",
    "mail_password": "test",
    "admin_password": "admin",
    "root_login": "root",
    "root_password": "123",
    "host_name": "http://wiki.test:8000",
    "monitor": 1,
    "server_script_enabled": true,
    "mute_emails": true
}
