{
 "actions": [],
 "allow_rename": 1,
 "autoname": "hash",
 "creation": "2021-05-07 01:38:50.629713",
 "doctype": "DocType",
 "document_type": "Document",
 "editable_grid": 1,
 "engine": "InnoDB",
 "field_order": [
  "wiki_page",
  "parent_label"
 ],
 "fields": [
  {
   "fieldname": "parent_label",
   "fieldtype": "Data",
   "in_list_view": 1,
   "label": "Parent Label",
   "reqd": 1
  },
  {
   "fieldname": "wiki_page",
   "fieldtype": "Link",
   "in_list_view": 1,
   "label": "Wiki Page",
   "options": "Wiki Page",
   "reqd": 1,
   "unique": 1
  }
 ],
 "istable": 1,
 "links": [],
 "modified": "2023-03-11 09:35:52.824480",
 "modified_by": "Administrator",
 "module": "Wiki",
 "name": "Wiki Sidebar",
 "naming_rule": "Random",
 "nsm_parent_field": "parent_wiki_sidebar",
 "owner": "Administrator",
 "permissions": [],
 "sort_field": "modified",
 "sort_order": "DESC",
 "states": [],
 "track_changes": 1
}